#x-axis, nbins, first bin low edge, last bin high edge
3200, 0.0025, 16.0025
# bin number, value
0, 10.1229
1, 10.2617
2, 10.2313
3, 10.575
4, 10.5768
5, 10.6229
6, 10.8903
7, 10.9
8, 11.0463
9, 11.3346
10, 11.5027
11, 11.7219
12, 11.6265
13, 11.7867
14, 11.9492
15, 12.1722
16, 12.2325
17, 12.6149
18, 12.6914
19, 12.7995
20, 13.1932
21, 13.7828
22, 13.555
23, 14.0428
24, 14.2542
25, 14.4216
26, 14.8992
27, 15.1197
28, 15.5305
29, 16.1134
30, 16.4058
31, 17.0667
32, 17.4497
33, 17.8532
34, 18.5102
35, 19.3206
36, 19.8644
37, 20.7757
38, 21.4731
39, 22.1758
40, 23.1262
41, 24.3541
42, 25.1374
43, 26.6102
44, 27.4447
45, 28.6497
46, 30.1287
47, 31.0721
48, 32.1126
49, 33.5272
50, 34.7912
51, 36.1228
52, 37.49
53, 38.6913
54, 39.6866
55, 40.8981
56, 41.8543
57, 43.386
58, 44.1312
59, 45.2469
60, 45.9249
61, 46.6478
62, 47.4231
63, 47.6469
64, 48.6661
65, 49.3196
66, 49.4127
67, 49.8868
68, 50.0487
69, 49.7823
70, 50.3067
71, 49.8626
72, 49.1709
73, 49.296
74, 48.6448
75, 47.8454
76, 47.3789
77, 46.047
78, 44.4005
79, 43.284
80, 42.4292
81, 41.0865
82, 39.9066
83, 38.6599
84, 37.0378
85, 36.0946
86, 34.4985
87, 33.509
88, 32.5256
89, 31.921
90, 31.6261
91, 31.2919
92, 30.9604
93, 30.7277
94, 31.0891
95, 31.7179
96, 32.167
97, 32.6608
98, 33.6406
99, 34.5591
100, 35.0307
101, 35.0896
102, 34.6233
103, 33.2072
104, 31.827
105, 29.4246
106, 27.2374
107, 24.9251
108, 22.9228
109, 21.2162
110, 19.683
111, 18.8575
112, 18.0468
113, 17.6822
114, 17.5414
115, 17.2793
116, 16.7841
117, 16.9897
118, 16.6042
119, 16.2214
120, 16.076
121, 16.061
122, 15.49
123, 15.2983
124, 15.0964
125, 14.8808
126, 15.052
127, 14.8159
128, 14.4924
129, 14.4013
130, 13.7757
131, 13.9058
132, 13.9788
133, 13.773
134, 13.3903
135, 13.6588
136, 13.395
137, 13.4887
138, 13.1489
139, 13.0454
140, 12.738
141, 12.8325
142, 12.703
143, 12.5413
144, 12.3656
145, 12.1186
146, 12.0264
147, 12.2818
148, 12.0705
149, 11.9644
150, 11.7885
151, 11.5004
152, 11.5122
153, 11.3721
154, 11.3704
155, 11.38
156, 11.0404
157, 11.0868
158, 11.0356
159, 10.8741
160, 10.7782
161, 10.8529
162, 10.7681
163, 10.5221
164, 10.6623
165, 10.7988
166, 10.4317
167, 10.4034
168, 10.4267
169, 10.5454
170, 10.4367
171, 10.1399
172, 10.0628
173, 10.0747
174, 10.1541
175, 9.97732
176, 9.84856
177, 9.66549
178, 9.47401
179, 9.36502
180, 9.42975
181, 9.15586
182, 9.29567
183, 9.33221
184, 9.13158
185, 9.08702
186, 8.79828
187, 8.81651
188, 8.85307
189, 8.9064
190, 8.61422
191, 8.52294
192, 8.60825
193, 8.46606
194, 8.42272
195, 8.51315
196, 8.3312
197, 8.11493
198, 8.092
199, 8.11375
200, 8.10399
201, 8.0771
202, 7.93485
203, 7.80786
204, 7.8089
205, 7.77353
206, 7.67853
207, 7.47356
208, 7.61434
209, 7.56089
210, 7.29706
211, 7.17659
212, 7.36987
213, 7.38509
214, 7.15612
215, 7.08824
216, 7.16006
217, 6.92542
218, 6.99451
219, 7.05961
220, 6.94704
221, 7.16119
222, 7.0006
223, 6.94865
224, 7.17017
225, 6.87374
226, 7.00058
227, 7.25305
228, 7.09591
229, 7.20186
230, 7.29473
231, 7.20801
232, 7.30372
233, 7.23722
234, 7.32401
235, 7.15818
236, 7.1126
237, 7.24143
238, 6.97918
239, 6.84025
240, 6.62363
241, 6.39052
242, 6.38935
243, 6.01985
244, 6.09257
245, 5.95656
246, 5.75904
247, 5.88633
248, 5.85385
249, 5.79034
250, 5.73037
251, 5.65392
252, 5.69131
253, 5.83888
254, 5.76869
255, 5.78841
256, 5.73337
257, 5.84937
258, 5.89396
259, 6.02305
260, 5.91227
261, 5.87809
262, 5.9062
263, 5.87947
264, 5.97336
265, 6.08424
266, 5.82421
267, 5.66599
268, 5.67308
269, 5.53385
270, 5.62039
271, 5.40298
272, 5.25729
273, 5.25474
274, 5.09655
275, 4.95422
276, 4.94885
277, 4.92721
278, 4.68224
279, 4.80745
280, 4.81493
281, 4.77835
282, 4.97489
283, 4.77817
284, 4.86677
285, 4.94105
286, 4.85581
287, 5.08846
288, 4.98404
289, 5.12881
290, 4.94786
291, 5.00295
292, 5.02922
293, 4.96628
294, 4.81565
295, 4.85701
296, 4.78796
297, 4.6505
298, 4.50952
299, 4.23571
300, 4.17947
301, 4.06804
302, 3.97188
303, 3.87822
304, 3.75558
305, 3.6044
306, 3.67235
307, 3.58547
308, 3.52199
309, 3.54141
310, 3.53795
311, 3.36123
312, 3.45034
313, 3.28112
314, 3.2472
315, 3.25577
316, 3.27674
317, 3.30988
318, 3.33507
319, 3.20414
320, 3.09331
321, 3.09083
322, 3.15814
323, 3.05455
324, 3.11836
325, 3.12216
326, 3.10265
327, 3.0324
328, 3.06095
329, 3.10592
330, 2.97063
331, 3.01702
332, 2.93684
333, 2.83606
334, 2.87244
335, 2.82181
336, 2.8857
337, 2.76976
338, 2.85099
339, 2.86871
340, 2.85183
341, 2.78526
342, 2.80081
343, 2.88293
344, 2.92801
345, 2.79834
346, 2.72566
347, 2.71175
348, 2.85482
349, 2.82224
350, 2.70954
351, 2.66437
352, 2.57723
353, 2.58739
354, 2.66793
355, 2.62304
356, 2.56772
357, 2.50688
358, 2.45697
359, 2.4422
360, 2.49245
361, 2.51603
362, 2.48076
363, 2.42586
364, 2.40491
365, 2.35226
366, 2.37203
367, 2.32598
368, 2.39657
369, 2.30124
370, 2.23327
371, 2.20097
372, 2.24259
373, 2.18816
374, 2.18192
375, 2.15145
376, 2.18693
377, 2.21303
378, 2.17036
379, 2.10426
380, 2.15075
381, 2.17101
382, 2.14661
383, 2.13198
384, 2.11791
385, 2.15984
386, 2.09561
387, 2.10052
388, 2.08444
389, 2.06867
390, 2.1762
391, 2.15642
392, 2.11953
393, 2.06222
394, 1.90175
395, 2.0089
396, 2.02388
397, 2.03793
398, 1.87613
399, 1.95344
400, 1.85281
401, 1.89149
402, 1.87907
403, 1.87669
404, 1.9535
405, 1.7706
406, 1.85393
407, 1.74118
408, 1.75259
409, 1.76267
410, 1.68816
411, 1.63674
412, 1.6906
413, 1.67095
414, 1.76717
415, 1.72801
416, 1.62902
417, 1.62619
418, 1.5828
419, 1.59732
420, 1.58033
421, 1.64997
422, 1.53168
423, 1.58889
424, 1.56142
425, 1.5833
426, 1.62453
427, 1.56791
428, 1.57256
429, 1.66422
430, 1.62451
431, 1.55681
432, 1.6315
433, 1.61488
434, 1.50818
435, 1.63856
436, 1.6092
437, 1.51778
438, 1.54105
439, 1.67347
440, 1.61493
441, 1.60776
442, 1.58803
443, 1.56353
444, 1.57583
445, 1.59389
446, 1.53509
447, 1.5291
448, 1.44802
449, 1.4462
450, 1.48973
451, 1.47684
452, 1.49966
453, 1.42024
454, 1.41959
455, 1.28978
456, 1.34694
457, 1.39378
458, 1.38071
459, 1.35673
460, 1.36801
461, 1.38621
462, 1.26336
463, 1.27834
464, 1.25836
465, 1.19887
466, 1.21744
467, 1.21663
468, 1.19023
469, 1.20244
470, 1.28296
471, 1.25184
472, 1.23963
473, 1.25016
474, 1.25401
475, 1.18499
476, 1.15607
477, 1.22947
478, 1.16978
479, 1.21246
480, 1.15826
481, 1.16464
482, 1.14903
483, 1.1806
484, 1.12311
485, 1.14563
486, 1.1499
487, 1.19456
488, 1.15148
489, 1.1151
490, 1.04362
491, 1.07064
492, 1.1179
493, 1.13565
494, 1.1141
495, 1.10402
496, 1.07509
497, 1.06401
498, 1.01641
499, 1.02734
500, 1.07283
501, 1.07985
502, 1.01447
503, 1.05537
504, 1.07379
505, 1.01974
506, 0.984345
507, 1.03035
508, 1.02096
509, 1.05463
510, 1.07076
511, 1.03097
512, 1.05098
513, 1.07062
514, 1.03423
515, 0.993552
516, 0.990537
517, 1.06882
518, 1.05016
519, 1.0454
520, 1.0233
521, 1.05102
522, 1.02331
523, 1.02854
524, 1.00768
525, 1.04783
526, 0.991085
527, 0.994642
528, 1.00691
529, 0.938787
530, 1.02116
531, 0.93429
532, 0.980321
533, 0.9916
534, 0.9768
535, 0.918838
536, 0.971341
537, 0.96708
538, 0.913534
539, 0.885316
540, 1.00554
541, 0.924142
542, 0.893042
543, 0.881752
544, 0.829466
545, 0.821357
546, 0.854805
547, 0.843017
548, 0.870724
549, 0.826986
550, 0.825704
551, 0.913398
552, 0.866061
553, 0.909058
554, 0.837509
555, 0.832524
556, 0.858237
557, 0.898451
558, 0.868739
559, 0.828187
560, 0.812151
561, 0.881125
562, 0.790771
563, 0.836588
564, 0.81182
565, 0.818271
566, 0.802581
567, 0.818897
568, 0.829954
569, 0.760185
570, 0.801835
571, 0.814772
572, 0.786188
573, 0.749925
574, 0.72935
575, 0.776068
576, 0.78472
577, 0.767789
578, 0.764288
579, 0.749956
580, 0.774361
581, 0.776774
582, 0.765307
583, 0.754385
584, 0.744364
585, 0.781928
586, 0.808114
587, 0.756367
588, 0.734593
589, 0.749238
590, 0.708551
591, 0.709805
592, 0.72473
593, 0.726414
594, 0.740328
595, 0.720927
596, 0.737141
597, 0.747434
598, 0.721648
599, 0.744624
600, 0.716194
601, 0.708401
602, 0.713111
603, 0.738377
604, 0.672843
605, 0.735346
606, 0.690057
607, 0.685486
608, 0.733572
609, 0.705109
610, 0.691231
611, 0.72302
612, 0.713029
613, 0.641123
614, 0.744945
615, 0.653479
616, 0.688393
617, 0.662353
618, 0.678928
619, 0.65751
620, 0.629776
621, 0.69572
622, 0.656368
623, 0.632685
624, 0.726068
625, 0.679103
626, 0.705616
627, 0.667224
628, 0.654635
629, 0.612898
630, 0.568591
631, 0.629209
632, 0.623608
633, 0.611174
634, 0.58807
635, 0.628114
636, 0.638095
637, 0.617419
638, 0.692609
639, 0.626837
640, 0.633998
641, 0.617117
642, 0.615343
643, 0.671955
644, 0.612732
645, 0.623032
646, 0.653818
647, 0.589228
648, 0.620105
649, 0.629603
650, 0.604998
651, 0.65632
652, 0.633499
653, 0.613525
654, 0.621393
655, 0.595734
656, 0.61347
657, 0.582511
658, 0.578084
659, 0.571749
660, 0.59214
661, 0.617891
662, 0.624674
663, 0.576235
664, 0.585944
665, 0.62501
666, 0.600389
667, 0.587755
668, 0.568301
669, 0.51398
670, 0.523949
671, 0.589917
672, 0.594911
673, 0.595245
674, 0.556206
675, 0.544557
676, 0.555774
677, 0.536617
678, 0.572642
679, 0.546039
680, 0.583601
681, 0.58292
682, 0.597351
683, 0.575951
684, 0.507249
685, 0.569512
686, 0.560353
687, 0.550377
688, 0.560832
689, 0.602252
690, 0.591715
691, 0.507775
692, 0.592762
693, 0.569143
694, 0.547333
695, 0.529655
696, 0.551854
697, 0.58146
698, 0.571761
699, 0.574581
700, 0.553557
701, 0.569895
702, 0.549578
703, 0.569186
704, 0.558935
705, 0.531555
706, 0.569712
707, 0.573407
708, 0.536404
709, 0.500264
710, 0.499606
711, 0.508236
712, 0.528135
713, 0.576645
714, 0.544577
715, 0.509974
716, 0.582875
717, 0.522491
718, 0.535204
719, 0.544904
720, 0.50014
721, 0.485476
722, 0.519072
723, 0.546768
724, 0.569768
725, 0.535097
726, 0.540235
727, 0.509705
728, 0.508496
729, 0.521858
730, 0.508542
731, 0.442299
732, 0.534235
733, 0.511512
734, 0.526776
735, 0.515839
736, 0.493709
737, 0.467837
738, 0.51021
739, 0.523603
740, 0.501874
741, 0.479862
742, 0.487116
743, 0.496871
744, 0.487696
745, 0.467241
746, 0.460471
747, 0.46267
748, 0.530311
749, 0.465094
750, 0.491021
751, 0.491186
752, 0.550762
753, 0.48625
754, 0.467859
755, 0.502071
756, 0.4958
757, 0.453531
758, 0.453748
759, 0.462659
760, 0.499285
761, 0.546955
762, 0.488199
763, 0.448763
764, 0.483968
765, 0.461795
766, 0.493336
767, 0.491447
768, 0.485877
769, 0.486574
770, 0.481285
771, 0.496086
772, 0.451512
773, 0.473297
774, 0.49754
775, 0.508133
776, 0.492155
777, 0.495905
778, 0.476345
779, 0.48245
780, 0.482945
781, 0.50054
782, 0.470651
783, 0.476131
784, 0.474744
785, 0.453199
786, 0.454734
787, 0.470019
788, 0.446417
789, 0.444651
790, 0.480345
791, 0.407788
792, 0.464597
793, 0.424576
794, 0.435216
795, 0.473765
796, 0.450936
797, 0.480043
798, 0.438374
799, 0.45617
800, 0.449612
801, 0.439543
802, 0.443288
803, 0.447042
804, 0.501866
805, 0.431167
806, 0.443527
807, 0.458485
808, 0.455573
809, 0.455365
810, 0.463694
811, 0.422881
812, 0.471375
813, 0.471004
814, 0.473681
815, 0.445593
816, 0.445553
817, 0.42324
818, 0.391501
819, 0.426862
820, 0.4294
821, 0.448322
822, 0.436481
823, 0.435361
824, 0.433866
825, 0.396812
826, 0.402849
827, 0.458514
828, 0.461731
829, 0.433013
830, 0.397736
831, 0.418684
832, 0.418665
833, 0.381922
834, 0.432465
835, 0.411827
836, 0.41566
837, 0.414183
838, 0.471913
839, 0.428099
840, 0.384934
841, 0.441752
842, 0.435998
843, 0.453902
844, 0.402772
845, 0.379258
846, 0.432978
847, 0.427557
848, 0.40196
849, 0.400217
850, 0.447531
851, 0.377803
852, 0.372869
853, 0.436848
854, 0.422781
855, 0.39992
856, 0.443312
857, 0.409272
858, 0.404091
859, 0.43309
860, 0.407961
861, 0.466579
862, 0.427382
863, 0.423854
864, 0.398965
865, 0.415474
866, 0.41868
867, 0.407906
868, 0.41809
869, 0.415923
870, 0.387859
871, 0.412838
872, 0.416142
873, 0.426685
874, 0.38323
875, 0.390848
876, 0.406724
877, 0.458145
878, 0.405273
879, 0.414648
880, 0.395079
881, 0.414592
882, 0.40167
883, 0.431992
884, 0.455783
885, 0.422294
886, 0.452
887, 0.445884
888, 0.385961
889, 0.426544
890, 0.400297
891, 0.4101
892, 0.417432
893, 0.37784
894, 0.383674
895, 0.41222
896, 0.415842
897, 0.400722
898, 0.393577
899, 0.434697
900, 0.399508
901, 0.381901
902, 0.359404
903, 0.404497
904, 0.417229
905, 0.387608
906, 0.403974
907, 0.358855
908, 0.385657
909, 0.383374
910, 0.374157
911, 0.3629
912, 0.35663
913, 0.355706
914, 0.364684
915, 0.374539
916, 0.343571
917, 0.345209
918, 0.366689
919, 0.339894
920, 0.352525
921, 0.393163
922, 0.379883
923, 0.348537
924, 0.359133
925, 0.387883
926, 0.360049
927, 0.358264
928, 0.35214
929, 0.40206
930, 0.355288
931, 0.34282
932, 0.362731
933, 0.367175
934, 0.353516
935, 0.367915
936, 0.349578
937, 0.364364
938, 0.38365
939, 0.378023
940, 0.390616
941, 0.354986
942, 0.344207
943, 0.348545
944, 0.353548
945, 0.385693
946, 0.359405
947, 0.344047
948, 0.36065
949, 0.375626
950, 0.378094
951, 0.319083
952, 0.35192
953, 0.390377
954, 0.364752
955, 0.339789
956, 0.37501
957, 0.359784
958, 0.352633
959, 0.353224
960, 0.388749
961, 0.353049
962, 0.353882
963, 0.393096
964, 0.37575
965, 0.370486
966, 0.342658
967, 0.378626
968, 0.353771
969, 0.387831
970, 0.37767
971, 0.39561
972, 0.397605
973, 0.389381
974, 0.356325
975, 0.359943
976, 0.406067
977, 0.364559
978, 0.374525
979, 0.352097
980, 0.386872
981, 0.364035
982, 0.364014
983, 0.349702
984, 0.383793
985, 0.338024
986, 0.345281
987, 0.349377
988, 0.39038
989, 0.309558
990, 0.309872
991, 0.330933
992, 0.349574
993, 0.369457
994, 0.35609
995, 0.349452
996, 0.326296
997, 0.368608
998, 0.341297
999, 0.340608
1000, 0.399351
1001, 0.352316
1002, 0.321226
1003, 0.35745
1004, 0.330721
1005, 0.347712
1006, 0.35751
1007, 0.328533
1008, 0.384738
1009, 0.339485
1010, 0.358316
1011, 0.351716
1012, 0.337129
1013, 0.318708
1014, 0.365583
1015, 0.322576
1016, 0.34798
1017, 0.351436
1018, 0.364823
1019, 0.367996
1020, 0.321499
1021, 0.338503
1022, 0.343032
1023, 0.33376
1024, 0.333363
1025, 0.357742
1026, 0.344528
1027, 0.327594
1028, 0.332671
1029, 0.326843
1030, 0.356312
1031, 0.343841
1032, 0.310882
1033, 0.312105
1034, 0.329209
1035, 0.346908
1036, 0.347988
1037, 0.310499
1038, 0.317687
1039, 0.32579
1040, 0.377758
1041, 0.376593
1042, 0.348252
1043, 0.319174
1044, 0.324906
1045, 0.279342
1046, 0.350375
1047, 0.291701
1048, 0.299821
1049, 0.28817
1050, 0.340004
1051, 0.362919
1052, 0.323576
1053, 0.33862
1054, 0.342431
1055, 0.321648
1056, 0.346391
1057, 0.317956
1058, 0.346925
1059, 0.313989
1060, 0.292508
1061, 0.316764
1062, 0.306801
1063, 0.338751
1064, 0.345077
1065, 0.337688
1066, 0.328283
1067, 0.285443
1068, 0.330646
1069, 0.321689
1070, 0.334547
1071, 0.344531
1072, 0.342307
1073, 0.368664
1074, 0.36824
1075, 0.324316
1076, 0.35857
1077, 0.385818
1078, 0.365501
1079, 0.319074
1080, 0.316646
1081, 0.339142
1082, 0.359754
1083, 0.354447
1084, 0.340003
1085, 0.329508
1086, 0.357432
1087, 0.317505
1088, 0.38178
1089, 0.339438
1090, 0.333234
1091, 0.366752
1092, 0.363323
1093, 0.393843
1094, 0.337927
1095, 0.365778
1096, 0.338605
1097, 0.339411
1098, 0.33282
1099, 0.330998
1100, 0.329998
1101, 0.33002
1102, 0.328712
1103, 0.307113
1104, 0.308667
1105, 0.32496
1106, 0.3347
1107, 0.345065
1108, 0.311179
1109, 0.335502
1110, 0.359344
1111, 0.326161
1112, 0.285075
1113, 0.363477
1114, 0.328355
1115, 0.309511
1116, 0.315852
1117, 0.319133
1118, 0.333042
1119, 0.299836
1120, 0.304202
1121, 0.27448
1122, 0.327418
1123, 0.292466
1124, 0.341886
1125, 0.314669
1126, 0.335188
1127, 0.304582
1128, 0.302822
1129, 0.294331
1130, 0.304173
1131, 0.315384
1132, 0.312385
1133, 0.313985
1134, 0.318041
1135, 0.301396
1136, 0.30953
1137, 0.294784
1138, 0.295505
1139, 0.268421
1140, 0.269506
1141, 0.271962
1142, 0.29017
1143, 0.28745
1144, 0.281293
1145, 0.28071
1146, 0.29379
1147, 0.265511
1148, 0.291562
1149, 0.292146
1150, 0.286929
1151, 0.299441
1152, 0.325413
1153, 0.259028
1154, 0.287747
1155, 0.266853
1156, 0.273141
1157, 0.275757
1158, 0.307186
1159, 0.27441
1160, 0.272076
1161, 0.297009
1162, 0.299912
1163, 0.270869
1164, 0.304366
1165, 0.293429
1166, 0.334101
1167, 0.279017
1168, 0.312005
1169, 0.283559
1170, 0.315063
1171, 0.336596
1172, 0.295473
1173, 0.316023
1174, 0.317078
1175, 0.279997
1176, 0.277818
1177, 0.313748
1178, 0.317079
1179, 0.299043
1180, 0.303362
1181, 0.323391
1182, 0.325815
1183, 0.333081
1184, 0.302496
1185, 0.327433
1186, 0.326502
1187, 0.292706
1188, 0.306992
1189, 0.350585
1190, 0.326404
1191, 0.30031
1192, 0.313745
1193, 0.339218
1194, 0.359305
1195, 0.312742
1196, 0.307481
1197, 0.304325
1198, 0.25824
1199, 0.292113
1200, 0.296306
1201, 0.283226
1202, 0.293907
1203, 0.294032
1204, 0.257963
1205, 0.271771
1206, 0.307676
1207, 0.2554
1208, 0.281089
1209, 0.287948
1210, 0.234131
1211, 0.250879
1212, 0.288201
1213, 0.253996
1214, 0.250678
1215, 0.23165
1216, 0.263414
1217, 0.285066
1218, 0.277858
1219, 0.232349
1220, 0.246693
1221, 0.278342
1222, 0.281326
1223, 0.274386
1224, 0.222019
1225, 0.272798
1226, 0.270816
1227, 0.278381
1228, 0.260708
1229, 0.262327
1230, 0.27066
1231, 0.277895
1232, 0.257995
1233, 0.263299
1234, 0.268743
1235, 0.268995
1236, 0.242883
1237, 0.262536
1238, 0.245111
1239, 0.226495
1240, 0.224246
1241, 0.244594
1242, 0.253393
1243, 0.280793
1244, 0.254761
1245, 0.249838
1246, 0.247155
1247, 0.219189
1248, 0.240606
1249, 0.227753
1250, 0.234116
1251, 0.238721
1252, 0.239752
1253, 0.249649
1254, 0.251004
1255, 0.259135
1256, 0.23569
1257, 0.229843
1258, 0.216469
1259, 0.209543
1260, 0.23462
1261, 0.246914
1262, 0.247002
1263, 0.255654
1264, 0.263174
1265, 0.24199
1266, 0.23882
1267, 0.257404
1268, 0.248668
1269, 0.243969
1270, 0.246022
1271, 0.221054
1272, 0.256168
1273, 0.229288
1274, 0.273478
1275, 0.26576
1276, 0.247506
1277, 0.250306
1278, 0.258878
1279, 0.26669
1280, 0.270807
1281, 0.228709
1282, 0.193246
1283, 0.234487
1284, 0.282494
1285, 0.233552
1286, 0.2594
1287, 0.263272
1288, 0.236427
1289, 0.235072
1290, 0.244149
1291, 0.248639
1292, 0.268552
1293, 0.249763
1294, 0.243665
1295, 0.246144
1296, 0.221743
1297, 0.236126
1298, 0.229559
1299, 0.273195
1300, 0.252118
1301, 0.217452
1302, 0.240701
1303, 0.225372
1304, 0.196632
1305, 0.276868
1306, 0.23516
1307, 0.221416
1308, 0.222553
1309, 0.200401
1310, 0.211999
1311, 0.266559
1312, 0.230027
1313, 0.219829
1314, 0.225255
1315, 0.2133
1316, 0.239289
1317, 0.244935
1318, 0.229463
1319, 0.20986
1320, 0.199453
1321, 0.199093
1322, 0.212894
1323, 0.207293
1324, 0.206709
1325, 0.222714
1326, 0.262664
1327, 0.22584
1328, 0.206865
1329, 0.204387
1330, 0.208849
1331, 0.18282
1332, 0.220351
1333, 0.206653
1334, 0.209915
1335, 0.223162
1336, 0.192748
1337, 0.192089
1338, 0.206691
1339, 0.237281
1340, 0.230116
1341, 0.212286
1342, 0.211747
1343, 0.251333
1344, 0.233153
1345, 0.222875
1346, 0.21039
1347, 0.206618
1348, 0.16797
1349, 0.171644
1350, 0.204957
1351, 0.217238
1352, 0.226647
1353, 0.210319
1354, 0.201869
1355, 0.185108
1356, 0.216935
1357, 0.193708
1358, 0.213595
1359, 0.177683
1360, 0.213014
1361, 0.207593
1362, 0.207121
1363, 0.181935
1364, 0.183825
1365, 0.1702
1366, 0.206378
1367, 0.215271
1368, 0.210639
1369, 0.208197
1370, 0.201238
1371, 0.206595
1372, 0.21311
1373, 0.147568
1374, 0.181508
1375, 0.195932
1376, 0.20408
1377, 0.211099
1378, 0.159367
1379, 0.180941
1380, 0.193429
1381, 0.179332
1382, 0.180768
1383, 0.177388
1384, 0.164366
1385, 0.185512
1386, 0.191466
1387, 0.193972
1388, 0.187486
1389, 0.160708
1390, 0.167914
1391, 0.172958
1392, 0.158733
1393, 0.155817
1394, 0.176679
1395, 0.213985
1396, 0.199091
1397, 0.155751
1398, 0.189454
1399, 0.189513
1400, 0.168015
1401, 0.201306
1402, 0.192053
1403, 0.177441
1404, 0.200377
1405, 0.196055
1406, 0.185822
1407, 0.190281
1408, 0.182052
1409, 0.196309
1410, 0.206475
1411, 0.19468
1412, 0.206062
1413, 0.194601
1414, 0.192021
1415, 0.210122
1416, 0.178434
1417, 0.189763
1418, 0.184386
1419, 0.200481
1420, 0.199323
1421, 0.214047
1422, 0.186756
1423, 0.192955
1424, 0.192226
1425, 0.196172
1426, 0.197857
1427, 0.192588
1428, 0.214439
1429, 0.190399
1430, 0.174374
1431, 0.173799
1432, 0.186167
1433, 0.18619
1434, 0.166061
1435, 0.187552
1436, 0.202589
1437, 0.18781
1438, 0.16752
1439, 0.174494
1440, 0.187318
1441, 0.200368
1442, 0.151537
1443, 0.184247
1444, 0.164206
1445, 0.151993
1446, 0.151869
1447, 0.172439
1448, 0.144081
1449, 0.115978
1450, 0.143601
1451, 0.126802
1452, 0.127847
1453, 0.153717
1454, 0.144244
1455, 0.144293
1456, 0.122652
1457, 0.116566
1458, 0.109558
1459, 0.119322
1460, 0.129803
1461, 0.146023
1462, 0.138152
1463, 0.136411
1464, 0.120314
1465, 0.130494
1466, 0.115201
1467, 0.0929123
1468, 0.0848529
1469, 0.0996194
1470, 0.109063
1471, 0.107704
1472, 0.110746
1473, 0.110664
1474, 0.110432
1475, 0.112968
1476, 0.107775
1477, 0.0818694
1478, 0.0913545
1479, 0.090695
1480, 0.0951629
1481, 0.0674571
1482, 0.110914
1483, 0.091079
1484, 0.0778523
1485, 0.0617749
1486, 0.075532
1487, 0.0803946
1488, 0.0907932
1489, 0.0954359
1490, 0.0844521
1491, 0.0761979
1492, 0.0701116
1493, 0.0724327
1494, 0.088636
1495, 0.0903016
1496, 0.0790773
1497, 0.0688716
1498, 0.0751391
1499, 0.0641646
1500, 0.0945211
1501, 0.0962311
1502, 0.0841158
1503, 0.095043
1504, 0.0932801
1505, 0.106708
1506, 0.101526
1507, 0.110533
1508, 0.115866
1509, 0.112743
1510, 0.0914813
1511, 0.120168
1512, 0.118827
1513, 0.116575
1514, 0.127749
1515, 0.110279
1516, 0.139499
1517, 0.13191
1518, 0.140157
1519, 0.110324
1520, 0.115933
1521, 0.116171
1522, 0.117756
1523, 0.11931
1524, 0.119717
1525, 0.116085
1526, 0.102207
1527, 0.10668
1528, 0.147028
1529, 0.127756
1530, 0.120832
1531, 0.12895
1532, 0.108837
1533, 0.103682
1534, 0.0956737
1535, 0.116223
1536, 0.0904643
1537, 0.0904832
1538, 0.0913962
1539, 0.09482
1540, 0.0770814
1541, 0.104994
1542, 0.0903841
1543, 0.0784484
1544, 0.0975279
1545, 0.0895965
1546, 0.101546
1547, 0.0744499
1548, 0.0665179
1549, 0.0729949
1550, 0.0574702
1551, 0.0726189
1552, 0.0694912
1553, 0.0511415
1554, 0.0517786
1555, 0.0395485
1556, 0.0429058
1557, 0.0427734
1558, 0.0302619
1559, 0.0411363
1560, 0.0469661
1561, 0.0435065
1562, 0.0291239
1563, 0.0436666
1564, 0.0386848
1565, 0.0347481
1566, 0.0339801
1567, 0.0292397
1568, 0.0313839
1569, 0.0322055
1570, 0.0298003
1571, 0.0182179
1572, 0.017651
1573, 0.0280238
1574, 0.0239709
1575, 0.031316
1576, 0.0211855
1577, 0.0249119
1578, 0.0273282
1579, 0.0274936
1580, 0.0248574
1581, 0.0282513
1582, 0.0259575
1583, 0.0208632
1584, 0.022939
1585, 0.0209472
1586, 0.0172695
1587, 0.0132218
1588, 0.0201506
1589, 0.01525
1590, 0.0153121
1591, 0.02135
1592, 0.0277512
1593, 0.0267519
1594, 0.0205668
1595, 0.0153864
1596, 0.0322054
1597, 0.0145259
1598, 0.0153022
1599, 0.0275137
1600, 0.026115
1601, 0.0180275
1602, 0.0271
1603, 0.0176169
1604, 0.0220855
1605, 0.0244514
1606, 0.0192622
1607, 0.0158575
1608, 0.0164046
1609, 0.0206612
1610, 0.0143351
1611, 0.0209226
1612, 0.0207654
1613, 0.0266371
1614, 0.01352
1615, 0.01754
1616, 0.0202633
1617, 0.0279512
1618, 0.0248622
1619, 0.0172579
1620, 0.0211589
1621, 0.0120086
1622, 0.0193342
1623, 0.0164175
1624, 0.020449
1625, 0.0182143
1626, 0.014616
1627, 0.0124862
1628, 0.0160824
1629, 0.0136328
1630, 0.0110522
1631, 0.0111009
1632, 0.0137152
1633, 0.0111353
1634, 0.0188361
1635, 0.0168462
1636, 0.0258403
1637, 0.0178604
1638, 0.00899368
1639, 0.0127435
1640, 0.0255389
1641, 0.0142362
1642, 0.0154604
1643, 0.0188021
1644, 0.0271162
1645, 0.01681
1646, 0.0154562
1647, 0.0281078
1648, 0.0187067
1649, 0.015904
1650, 0.0199245
1651, 0.0170788
1652, 0.00800269
1653, 0.0165676
1654, 0.0166225
1655, 0.023915
1656, 0.0171055
1657, 0.0176705
1658, 0.0170785
1659, 0.0152721
1660, 0.0186938
1661, 0.021771
1662, 0.0127521
1663, 0.0114702
1664, 0.0148144
1665, 0.0171433
1666, 0.0250375
1667, 0.0199303
1668, 0.014705
1669, 0.017775
1670, 0.0252685
1671, 0.0108468
1672, 0.0130476
1673, 0.00957058
1674, 0.0124526
1675, 0.0237234
1676, 0.0196258
1677, 0.0114024
1678, 0.0185309
1679, 0.0113989
1680, 0.00899891
1681, 0.0124476
1682, 0.0207479
1683, 0.0232488
1684, 0.0181137
1685, 0.0143357
1686, 0.0146756
1687, 0.0240226
1688, 0.0195387
1689, 0.0163526
1690, 0.0163185
1691, 0.0187958
1692, 0.0175984
1693, 0.0207318
1694, 0.0162637
1695, 0.0184711
1696, 0.0159861
1697, 0.0207213
1698, 0.0208373
1699, 0.0147473
1700, 0.0108328
1701, 0.0129753
1702, 0.0139513
1703, 0.0111127
1704, 0.01162
1705, 0.0125994
1706, 0.0196949
1707, 0.0145551
1708, 0.0119803
1709, 0.00848083
1710, 0.00906817
1711, 0.0138536
1712, 0.00830367
1713, 0.0125793
1714, 0.01117
1715, 0.0192268
1716, 0.0112241
1717, 0.0200532
1718, 0.0133029
1719, 0.0114334
1720, 0.0077064
1721, 0.0144473
1722, 0.0106248
1723, 0.00911667
1724, 0.0126495
1725, 0.0144858
1726, 0.011814
1727, 0.0144747
1728, 0.0171639
1729, 0.0181308
1730, 0.0188633
1731, 0.0153322
1732, 0.0178895
1733, 0.01168
1734, 0.0191026
1735, 0.0197082
1736, 0.0156919
1737, 0.0169088
1738, 0.0103394
1739, 0.013014
1740, 0.0162971
1741, 0.0129011
1742, 0.00984296
1743, 0.0223639
1744, 0.0194655
1745, 0.0143594
1746, 0.00768018
1747, 0.0138095
1748, 0.0214875
1749, 0.0190096
1750, 0.0281333
1751, 0.0128375
1752, 0.023129
1753, 0.0162564
1754, 0.014407
1755, 0.0139032
1756, 0.00908652
1757, 0.0239648
1758, 0.0197091
1759, 0.016538
1760, 0.0151439
1761, 0.0121878
1762, 0.0102124
1763, 0.0123711
1764, 0.0120562
1765, 0.0108234
1766, 0.00885714
1767, 0.0102572
1768, 0.0110031
1769, 0.00998889
1770, 0.0139163
1771, 0.00933925
1772, 0.0121805
1773, 0.0112741
1774, 0.00795039
1775, 0.00759452
1776, 0.0138256
1777, 0.0150197
1778, 0.0136041
1779, 0.0127352
1780, 0.0123778
1781, 0.0123771
1782, 0.00923965
1783, 0.0123491
1784, 0.0104779
1785, 0.00824952
1786, 0.0108154
1787, 0.0136263
1788, 0.0123722
1789, 0.00510608
1790, 0.00540139
1791, 0.00663031
1792, 0.00708389
1793, 0.012852
1794, 0.013274
1795, 0.0126097
1796, 0.00795763
1797, 0.00618295
1798, 0.0115493
1799, 0.00532136
1800, 0.00627565
1801, 0.00790859
1802, 0.00934449
1803, 0.00503534
1804, 0.00626531
1805, 0.0133597
1806, 0.00237162
1807, 0.0083915
1808, 0.00818212
1809, 0.0089558
1810, 0.0142056
1811, 0.00906236
1812, 0.00665532
1813, 0.00762863
1814, 0.00292132
1815, 0.00312498
1816, 0.00615718
1817, 0.00524099
1818, 0.00411709
1819, 0.00473095
1820, 0.00588211
1821, 0.00835955
1822, 0.00729344
1823, 0.00696909
1824, 0.0074385
1825, 0.00871114
1826, 0.0124912
1827, 0.00617251
1828, 0.0076018
1829, 0.00697107
1830, 0.00948666
1831, 0.0107772
1832, 0.00692394
1833, 0.00733032
1834, 0.0121601
1835, 0.00868957
1836, 0.00822586
1837, 0.0082254
1838, 0.00535333
1839, 0.00635115
1840, 0.00822401
1841, 0.0133325
1842, 0.0127737
1843, 0.00899081
1844, 0.00393135
1845, 0.00367617
1846, 0.0122103
1847, 0.0156258
1848, 0.0109001
1849, 0.00424145
1850, 0.00603144
1851, 0.00979159
1852, 0.0124842
1853, 0.00395231
1854, 0.00490151
1855, 0.00205427
1856, 0.0086745
1857, 0.00932897
1858, 0.0110428
1859, 0.0082474
1860, 0.0061611
1861, 0.00616075
1862, 0.0109053
1863, 0.00494015
1864, 0.00313479
1865, 0.00721231
1866, 0.00416324
1867, 0.0068478
1868, 0.00610848
1869, 0.00726862
1870, 0.00559595
1871, 0.00577731
1872, 0.00568628
1873, 0.0035286
1874, 0.00309835
1875, 0.00258736
1876, 0.00602548
1877, 0.00352943
1878, 0.00269052
1879, 0.00410304
1880, 0.00550931
1881, 0.00468647
1882, 0.00381516
1883, 0.00714384
1884, 0.00310239
1885, 0.00205083
1886, 0.00240683
1887, 0.00327613
1888, 0.000756573
1889, 0
1890, 0.00259845
1891, 0.00708246
1892, 0.00455388
1893, 0.000946251
1894, 0.00221704
1895, 0
1896, 0.0034589
1897, 0.00281288
1898, 0.00286756
1899, 0.000350521
1900, 0.000584535
1901, 0.002049
1902, 0.00204889
1903, 0.000467128
1904, 0.00117703
1905, 0
1906, 0.00180532
1907, 0.00204832
1908, 0.00320511
1909, 0.000849479
1910, 0
1911, 0
1912, 0
1913, 0
1914, 0
1915, 0.00125633
1916, 0.00190696
1917, 0.000605861
1918, 0.00311834
1919, 0.00409389
1920, 0.00293215
1921, 0.00348454
1922, 0
1923, 0
1924, 0.000698107
1925, 0.000883537
1926, 0
1927, 0.000509985
1928, 0.00302019
1929, 0.00265319
1930, 0.00711147
1931, 0.00409116
1932, 0.00284233
1933, 0.000594383
1934, 0.00349621
1935, 0.00310288
1936, 0.00104778
1937, 0.00158164
1938, 0
1939, 0.00132891
1940, 0.000673102
1941, 0.00341591
1942, 0.000908655
1943, 3.32216e-05
1944, 0.00313007
1945, 0.000941423
1946, 0.00064022
1947, 0.00158164
1948, 0
1949, 0
1950, 0.000176367
1951, 0.00408663
1952, 0.00206358
1953, 0
1954, 0.000352539
1955, 0.00204286
1956, 0.000767888
1957, 0
1958, 0.000615083
1959, 0.00096656
1960, 0.0015365
1961, 0.00087593
1962, 0.00320832
1963, 0.000705826
1964, 0.00316329
1965, 0
1966, 0
1967, 0.00475789
1968, 0.0029868
1969, 0.00332681
1970, 0.00139186
1971, 0.00177143
1972, 0
1973, 0.0011881
1974, 0.00197519
1975, 0.000524484
1976, 0.00204049
1977, 0.00204037
1978, 0.000139585
1979, 0.000777539
1980, 0.00204004
1981, 0.000345712
1982, 0
1983, 0
1984, 0
1985, 0.00158164
1986, 0
1987, 0
1988, 0
1989, 0
1990, 0
1991, 0
1992, 0.000401284
1993, 0.00203857
1994, 0.000723431
1995, 0.00215191
1996, 0.00482134
1997, 0.000934963
1998, 0
1999, 0.00158164
2000, 0.00089028
2001, 0.000691364
2002, 0
2003, 0
2004, 0
2005, 0.00158164
2006, 0.000461486
2007, 0.00295384
2008, 0.0013296
2009, 0.000245573
2010, 0.00133607
2011, 0
2012, 8.59544e-05
2013, 0.00562565
2014, 0.00313452
2015, 0.0020361
2016, 0.000189279
2017, 0
2018, 0
2019, 0
2020, 0
2021, 0.000953477
2022, 0.000628167
2023, 0.00186071
2024, 0.00130257
2025, 0.00237172
2026, 0.000791566
2027, 0.00051056
2028, 0.00107108
2029, 0.00141645
2030, 0.000165189
2031, 0
2032, 0
2033, 0.00158164
2034, 0
2035, 0
2036, 0
2037, 0.00158164
2038, 0
2039, 0
2040, 6.43123e-05
2041, 0.00151733
2042, 0
2043, 0
2044, 0
2045, 0.000739309
2046, 0.000842335
2047, 0.00164118
2048, 0.0015221
2049, 0.00096097
2050, 0.000620674
2051, 0.00158164
2052, 0
2053, 0
2054, 4.93061e-05
2055, 0.00153234
2056, 0.000949176
2057, 0.00203141
2058, 0.0001827
2059, 0.000716503
2060, 0.000865141
2061, 0
2062, 0.000482828
2063, 0.00203074
2064, 0.00203063
2065, 0.000200726
2066, 0
2067, 0.00114557
2068, 0.000436069
2069, 0
2070, 0
2071, 0
2072, 0.000223901
2073, 0.00135774
2074, 0
2075, 0
2076, 0.00316329
2077, 0
2078, 0.00132853
2079, 0.000447324
2080, 0.00202886
2081, 0.00202875
2082, 0.00202863
2083, 0.00044688
2084, 0.00118089
2085, 0
2086, 0.00158164
2087, 0.000605522
2088, 0.000976121
2089, 0.00299613
2090, 0.0017488
2091, 0
2092, 0.0012544
2093, 0.00032724
2094, 0
2095, 0
2096, 0
2097, 0
2098, 0
2099, 0
2100, 0.00158164
2101, 0.000517448
2102, 0.00202642
2103, 0.000619417
2104, 0
2105, 0.000714254
2106, 0.00086739
2107, 2.11718e-05
2108, 0.00202576
2109, 0.00111636
2110, 0
2111, 0.00179697
2112, 0.00334332
2113, 0.00387049
2114, 0.000479078
2115, 0.00158164
2116, 0
2117, 0
2118, 0
2119, 0.000598345
2120, 0.00202444
2121, 0.000540507
2122, 0.00316329
2123, 0
2124, 0
2125, 0
2126, 0
2127, 0
2128, 0
2129, 0.000276381
2130, 0.00202334
2131, 0.000863571
2132, 0
2133, 0.000921687
2134, 0.0022416
2135, 0
2136, 0.000202625
2137, 0.00137902
2138, 0.00216872
2139, 0.000994568
2140, 0.00196565
2141, 0.00119763
2142, 0.00126487
2143, 0.00189842
2144, 0
2145, 0.00100368
2146, 0.00202158
2147, 0.000439824
2148, 0.00127985
2149, 0
2150, 3.89703e-05
2151, 0.00154267
2152, 0.00183526
2153, 0.00132802
2154, 0.00316329
2155, 0
2156, 0
2157, 0
2158, 0
2159, 0
2160, 0
2161, 0.00158164
2162, 0
2163, 0
2164, 0
2165, 0
2166, 0
2167, 0
2168, 0
2169, 0
2170, 0
2171, 0
2172, 0.00316329
2173, 0
2174, 0.00106416
2175, 0.000517486
2176, 0
2177, 0
2178, 0.0012289
2179, 0.00201797
2180, 0.00201786
2181, 0.00106185
2182, 0.0013919
2183, 0.00177139
2184, 0
2185, 0
2186, 0
2187, 0.00081392
2188, 0.00234937
2189, 0.00127754
2190, 0.000435125
2191, 0.00201666
2192, 0.00101561
2193, 0.00143574
2194, 0.00172755
2195, 0
2196, 0
2197, 0.00158164
2198, 0
2199, 0
2200, 0
2201, 0.00158164
2202, 0
2203, 0
2204, 0.00146641
2205, 0.00169688
2206, 0
2207, 0.00236984
2208, 0.00079345
2209, 0.000469501
2210, 0.00111214
2211, 0.00133529
2212, 0.000246351
2213, 0
2214, 0
2215, 0
2216, 0.000334586
2217, 0.00124706
2218, 0
2219, 0.00163083
2220, 0.00153245
2221, 0
2222, 0
2223, 0.000194357
2224, 0.00138729
2225, 0.00105711
2226, 0.00201286
2227, 9.33148e-05
2228, 0
2229, 0
2230, 0
2231, 0
2232, 0
2233, 0
2234, 0.00158164
2235, 0
2236, 0
2237, 0
2238, 0.00381909
2239, 0.00250749
2240, 0
2241, 0
2242, 0.000464846
2243, 0.0011168
2244, 0.00132349
2245, 0.0020108
2246, 0.0020107
2247, 0.00098158
2248, 0
2249, 0
2250, 0.00220066
2251, 0.00370634
2252, 0.000419576
2253, 0
2254, 0
2255, 0
2256, 0.000139733
2257, 0.00144191
2258, 0.00199072
2259, 0.00117257
2260, 0
2261, 0
2262, 0
2263, 0
2264, 0
2265, 0
2266, 0
2267, 0.00158164
2268, 0
2269, 0.000948678
2270, 0.000632965
2271, 0
2272, 0.000646116
2273, 0.00200779
2274, 0.000509382
2275, 0.000342587
2276, 0.00123906
2277, 0
2278, 0.00158164
2279, 0
2280, 0
2281, 0.00131427
2282, 0.000267371
2283, 0
2284, 0.00100784
2285, 0.000573799
2286, 0
2287, 0
2288, 0
2289, 0.00154942
2290, 0.000424321
2291, 0.00200586
2292, 0.000765337
2293, 0
2294, 0.000506662
2295, 0.00107498
2296, 0.00135413
2297, 0.00200522
2298, 0.00138559
2299, 0
2300, 0
2301, 0.00158164
2302, 0
2303, 0
2304, 0
2305, 0.00316329
2306, 0
2307, 0
2308, 0.000103349
2309, 0.0014783
2310, 0
2311, 0.00136989
2312, 0.000211751
2313, 0
2314, 0
2315, 0.00147548
2316, 0.00168781
2317, 0
2318, 0
2319, 0.00157936
2320, 0.000421114
2321, 0.00116282
2322, 0.00126074
2323, 0.000420794
2324, 0.00148176
2325, 0
2326, 0.00136163
2327, 0.000420368
2328, 0.00138129
2329, 0
2330, 0
2331, 0.00158164
2332, 0
2333, 0.00113868
2334, 0.000442966
2335, 0
2336, 0
2337, 0
2338, 0.00165408
2339, 0.00150921
2340, 0.000910512
2341, 0.000671131
2342, 0.00158164
2343, 0
2344, 0
2345, 0.00142219
2346, 0.00174109
2347, 0
2348, 0.00109527
2349, 0.00351297
2350, 0.000486265
2351, 0.00123207
2352, 0
2353, 2.10632e-05
2354, 0.00156058
2355, 0
2356, 0
2357, 0
2358, 0
2359, 0.000942813
2360, 0.0019985
2361, 0.00022197
2362, 0.000611435
2363, 0.000970209
2364, 0
2365, 0
2366, 0.00139066
2367, 0.00177263
2368, 0
2369, 0.000361727
2370, 0.00121992
2371, 0
2372, 0
2373, 0.000442657
2374, 0.00199702
2375, 0.000723607
2376, 0
2377, 0.000521896
2378, 0.00105975
2379, 0
2380, 0
2381, 0
2382, 0.00101398
2383, 0.000567667
2384, 0
2385, 0.000675301
2386, 0.000906343
2387, 0
2388, 0.000335675
2389, 0.00199544
2390, 0.000832174
2391, 0.00157674
2392, 4.90106e-06
2393, 0
2394, 0
2395, 6.67365e-05
2396, 0.0019947
2397, 0.00110185
2398, 0
2399, 0
2400, 0
2401, 0.000961854
2402, 0.00061979
2403, 0
2404, 0
2405, 0
2406, 0
2407, 0.000271537
2408, 0.00131011
2409, 0
2410, 0.0015066
2411, 0.000411478
2412, 0.00274083
2413, 0.0051449
2414, 0.0012677
2415, 0
2416, 0
2417, 0.00122145
2418, 0.00194183
2419, 0.000461191
2420, 0.00112045
2421, 0
2422, 0
2423, 0
2424, 0.000931161
2425, 0.00199165
2426, 0.000240475
2427, 0
2428, 0
2429, 0.00139851
2430, 0.000409484
2431, 0.0013553
2432, 0
2433, 0.00145417
2434, 0.000127473
2435, 0.000690551
2436, 0.000891093
2437, 0
2438, 0
2439, 0
2440, 0
2441, 0
2442, 0.000387052
2443, 0.00119459
2444, 0
2445, 2.94619e-05
2446, 0.00155218
2447, 0
2448, 0
2449, 0
2450, 0
2451, 0
2452, 0
2453, 0.00158164
2454, 0.000532692
2455, 0.00104895
2456, 0
2457, 0.000171341
2458, 0.0014103
2459, 0
2460, 0
2461, 0.000215294
2462, 0.00198778
2463, 0.00198768
2464, 0.000554178
2465, 0.00316329
2466, 0.000663299
2467, 0.000918345
2468, 0
2469, 0
2470, 0.000703498
2471, 0.00198684
2472, 0.000472945
2473, 0
2474, 0
2475, 0.00114682
2476, 0.000434828
2477, 0
2478, 0.000778899
2479, 0.000802745
2480, 0
2481, 0
2482, 0
2483, 0
2484, 0
2485, 0
2486, 0
2487, 0
2488, 7.29685e-05
2489, 0.00198497
2490, 0.00198487
2491, 0.00198476
2492, 0.000299001
2493, 0.00050693
2494, 0.00107471
2495, 0.00131245
2496, 0.00185084
2497, 0
2498, 0
2499, 0
2500, 0
2501, 0.000563215
2502, 0.00101843
2503, 0.00136707
2504, 0.000401773
2505, 0.00139444
2506, 0.000990435
2507, 0.000591208
2508, 0.00158164
2509, 0
2510, 0
2511, 0
2512, 0
2513, 0.00127042
2514, 0.00189287
2515, 0
2516, 0
2517, 0.000655896
2518, 0.000925748
2519, 0
2520, 0.00158164
2521, 0
2522, 0
2523, 0
2524, 0.000292707
2525, 0.00128894
2526, 0
2527, 0.0014912
2528, 9.04441e-05
2529, 0
2530, 0
2531, 0.0015061
2532, 7.55422e-05
2533, 0
2534, 0.00112078
2535, 0.00046086
2536, 0.00316329
2537, 0
2538, 0
2539, 0.00153095
2540, 0.0019797
2541, 0.00123428
2542, 0
2543, 0
2544, 0.000356907
2545, 0.00122474
2546, 0.00115188
2547, 0.00197898
2548, 0.00161407
2549, 0
2550, 0
2551, 0.00155588
2552, 0.00160741
2553, 0
2554, 0.00232876
2555, 0.000834528
2556, 0
2557, 0
2558, 0
2559, 0
2560, 0.000378613
2561, 0.00120303
2562, 0
2563, 0.00313198
2564, 0.00199289
2565, 0.00120171
2566, 0.00117079
2567, 0.000410849
2568, 0
2569, 0
2570, 0
2571, 0
2572, 0
2573, 0
2574, 0.00233372
2575, 0.000829563
2576, 0
2577, 0
2578, 0
2579, 0.00155648
2580, 2.51588e-05
2581, 0.000762631
2582, 0.00197538
2583, 0.000425271
2584, 0
2585, 0
2586, 0
2587, 0.0015419
2588, 0.000746512
2589, 0.00245652
2590, 0.00113933
2591, 0.000442311
2592, 0.000686458
2593, 0.00247683
2594, 0
2595, 0
2596, 0
2597, 0
2598, 0
2599, 0
2600, 0.00158164
2601, 0
2602, 0
2603, 0
2604, 0.00158164
2605, 0.000694349
2606, 0.000887295
2607, 0
2608, 0.000286268
2609, 0.00129538
2610, 0
2611, 0.00291783
2612, 0.000513408
2613, 0.00263075
2614, 0.00184624
2615, 0
2616, 0
2617, 0
2618, 0.00102824
2619, 0.000553408
2620, 0.000226421
2621, 0.00197141
2622, 0.00297715
2623, 0.002547
2624, 0.000592672
2625, 0.00275686
2626, 0.000981824
2627, 0.000599819
2628, 0
2629, 0.00113466
2630, 0.0029848
2631, 0.000625465
2632, 0
2633, 0
2634, 0
2635, 0
2636, 0
2637, 0.000511978
2638, 0.00196968
2639, 0.000681631
2640, 0
2641, 0.000481866
2642, 0.00196927
2643, 0.000712149
2644, 0
2645, 0.000450131
2646, 0.00196887
2647, 0.00196877
2648, 0.000387021
2649, 0.00196856
2650, 0.00116487
2651, 0.00119031
2652, 0.000391334
2653, 0
2654, 0
2655, 0
2656, 0.00154073
2657, 0.00038611
2658, 0.00123644
2659, 0.00111712
2660, 0.000464526
2661, 0.000613972
2662, 0.00324191
2663, 0.00196715
2664, 0.00050355
2665, 0.00158164
2666, 0
2667, 0
2668, 0.0028449
2669, 0.000318384
2670, 0
2671, 0.00298559
2672, 0.00175934
2673, 0.00176428
2674, 0.001399
2675, 0
2676, 0
2677, 0.00171961
2678, 0.00144368
2679, 0
2680, 0
2681, 0
2682, 0
2683, 0.000858741
2684, 0.00196503
2685, 0.000339518
2686, 0.000426948
2687, 0.00196473
2688, 0.000771613
2689, 0
2690, 0
2691, 0
2692, 0
2693, 0.00152477
2694, 5.68773e-05
2695, 0
2696, 0
2697, 0
2698, 0.000272362
2699, 0.00196352
2700, 0.000927407
2701, 0
2702, 0
2703, 0
2704, 0
2705, 0
2706, 0
2707, 0
2708, 0.000923304
2709, 0.00065834
2710, 0
2711, 0.000967942
2712, 0.00219534
2713, 0
2714, 8.74712e-05
2715, 0.00307582
2716, 0.00160835
2717, 0.00392342
2718, 0.000794805
2719, 0.000362434
2720, 0.00121921
2721, 0
2722, 0
2723, 0.00158164
2724, 0
2725, 0
2726, 0
2727, 0.000234484
2728, 0.00134716
2729, 0
2730, 0
2731, 0.000168106
2732, 0.00141354
2733, 0
2734, 0.00260701
2735, 0.000656404
2736, 0.00148151
2737, 0
2738, 0
2739, 0.0016122
2740, 0.00155109
2741, 0
2742, 0
2743, 0
2744, 0.000336745
2745, 0.0012449
2746, 0
2747, 0
2748, 0.000263574
2749, 0.00131807
2750, 0
2751, 0
2752, 0
2753, 0.000565277
2754, 0.00101637
2755, 0
2756, 0.00158164
2757, 0.000977032
2758, 0.00218626
2759, 0
2760, 0
2761, 0
2762, 0.000785735
2763, 0.000795909
2764, 0
2765, 0.000330214
2766, 0.00125143
2767, 0
2768, 0.00145544
2769, 0.00170785
2770, 0
2771, 0.00099813
2772, 0.000583514
2773, 0.00174719
2774, 0.00195602
2775, 0.00104172
2776, 0
2777, 8.0824e-05
2778, 0.00150082
2779, 0
2780, 0.00120247
2781, 0.00037917
2782, 0.0003681
2783, 0.00121354
2784, 0
2785, 0
2786, 0
2787, 0.000652896
2788, 0.000928748
2789, 0
2790, 0
2791, 0
2792, 0
2793, 0.00130771
2794, 0.000372396
2795, 0.00148318
2796, 0
2797, 0
2798, 5.4075e-06
2799, 0.00157624
2800, 0
2801, 0
2802, 0
2803, 0
2804, 0
2805, 0.00102499
2806, 0.000556654
2807, 0
2808, 0
2809, 0.000927585
2810, 0.00325085
2811, 0.000566493
2812, 0
2813, 0
2814, 0.00119902
2815, 0.000382628
2816, 0
2817, 0
2818, 0
2819, 0
2820, 0
2821, 0
2822, 0
2823, 0
2824, 0.00158164
2825, 0.000522162
2826, 0.00105948
2827, 0
2828, 0.00167749
2829, 0.00306744
2830, 0
2831, 0.00115444
2832, 0.000427203
2833, 0.000309983
2834, 0.00127166
2835, 0
2836, 0
2837, 0
2838, 0.000569581
2839, 0.00101206
2840, 0.00261078
2841, 0.00055251
2842, 0.000459159
2843, 0.00112248
2844, 0.00119418
2845, 0.00194901
2846, 2.01001e-05
2847, 0
2848, 0.0010814
2849, 0.00194861
2850, 0.000133274
2851, 0
2852, 0
2853, 0.00133362
2854, 0.00024802
2855, 0
2856, 0
2857, 0
2858, 1.74941e-06
2859, 0.00157989
2860, 0
2861, 0.00109942
2862, 0.000482223
2863, 0
2864, 0
2865, 0
2866, 0
2867, 0.00158164
2868, 0
2869, 0.000858942
2870, 0.000722702
2871, 0
2872, 0
2873, 0
2874, 0
2875, 0
2876, 0
2877, 0
2878, 0
2879, 0.00134035
2880, 0.00194558
2881, 0.001459
2882, 0
2883, 0
2884, 0.00157739
2885, 0.00316754
2886, 0
2887, 0
2888, 0
2889, 0.00023034
2890, 0.0019446
2891, 0.00290065
2892, 0.00125098
2893, 0.00158164
2894, 0.000924987
2895, 0.0022383
2896, 0
2897, 0
2898, 0
2899, 0.00138442
2900, 0.00283306
2901, 0.00194353
2902, 0.000557993
2903, 0.00277087
2904, 0
2905, 0.00128098
2906, 0.000300667
2907, 0.000422025
2908, 0.00115962
2909, 0
2910, 0.00150533
2911, 0.00165796
2912, 0
2913, 0
2914, 0
2915, 0
2916, 0.00101206
2917, 0.00301758
2918, 0.00194187
2919, 0.000360129
2920, 0.00157658
2921, 0
2922, 0
2923, 0
2924, 0.00158164
2925, 0
2926, 0
2927, 0
2928, 0
2929, 0.000437731
2930, 0.0019407
2931, 0.000784852
2932, 0
2933, 0
2934, 0
2935, 0
2936, 0.00136748
2937, 0.000214166
2938, 0
2939, 0
2940, 0
2941, 0
2942, 0
2943, 0
2944, 0
2945, 0
2946, 0
2947, 0
2948, 0
2949, 0
2950, 0
2951, 0.000406462
2952, 0.00117518
2953, 0.00112022
2954, 0.000461419
2955, 0
2956, 0
2957, 0
2958, 0
2959, 0.000191809
2960, 0.00297148
2961, 0
2962, 0
2963, 0.00151995
2964, 6.16941e-05
2965, 0.0012995
2966, 0.00186379
2967, 0
2968, 0
2969, 0
2970, 0
2971, 0
2972, 0
2973, 0.00158164
2974, 0
2975, 0.00103789
2976, 0.000543755
2977, 0.000165373
2978, 0.00141627
2979, 0.000874115
2980, 0.000707528
2981, 8.29264e-07
2982, 0.00158081
2983, 0.000708801
2984, 0.000872842
2985, 0.00141639
2986, 0.000165255
2987, 0
2988, 0.000895404
2989, 0.00068624
2990, 0
2991, 0
2992, 0.000726625
2993, 0.000855018
2994, 0
2995, 0.000203621
2996, 0.00137802
2997, 0
2998, 0
2999, 0
3000, 0
3001, 0
3002, 0
3003, 0
3004, 0.000422126
3005, 0.00274116
3006, 0
3007, 0
3008, 0
3009, 0.000387576
3010, 0.00193299
3011, 0.00302306
3012, 0.000982952
3013, 0
3014, 0.000561692
3015, 0.00101995
3016, 0
3017, 0
3018, 0.000382931
3019, 0.00119871
3020, 0
3021, 0.00143409
3022, 0.00331084
3023, 0.000552736
3024, 0.00102891
3025, 0
3026, 0.00158164
3027, 0.000741056
3028, 0.00386253
3029, 0.00279266
3030, 0.000511972
3031, 0.00158164
3032, 0.00107205
3033, 0.00386157
3034, 0.00139295
3035, 0
3036, 0
3037, 0
3038, 0
3039, 0
3040, 0.00174484
3041, 0.00193002
3042, 0.00192993
3043, 0.000721784
3044, 0
3045, 0
3046, 0
3047, 0
3048, 0.00136591
3049, 0.000215737
3050, 0.000479396
3051, 0.00110225
3052, 0
3053, 0.00152138
3054, 0.00250253
3055, 0.00451822
3056, 0.00290946
3057, 0.00120155
3058, 0
3059, 0.000439495
3060, 0.00114215
3061, 0.00113253
3062, 0.000449111
3063, 0.00340683
3064, 0.0013381
3065, 0
3066, 0
3067, 0
3068, 0
3069, 0
3070, 0
3071, 0.00142873
3072, 0.000152915
3073, 0.000537841
3074, 0.0010438
3075, 0
3076, 0
3077, 0.00158164
3078, 0
3079, 0
3080, 0
3081, 0.000133779
3082, 0.00144786
3083, 0
3084, 0
3085, 0.00151111
3086, 7.05295e-05
3087, 0.000617569
3088, 0.00192555
3089, 0.000620168
3090, 0.00158164
3091, 0.000410985
3092, 0.00117066
3093, 0
3094, 0
3095, 0
3096, 0.000546034
3097, 0.00103561
3098, 0
3099, 0.00314983
3100, 1.34605e-05
3101, 0.000678716
3102, 0.000902927
3103, 0
3104, 0.00158164
3105, 0
3106, 0.000809033
3107, 0.00077261
3108, 0
3109, 0
3110, 0
3111, 0.000936987
3112, 0.000644656
3113, 0
3114, 0
3115, 0.000721321
3116, 0.0019229
3117, 0.00192281
3118, 0.0001779
3119, 0.00100829
3120, 0.002155
3121, 0
3122, 0.0015265
3123, 0.00321843
3124, 0
3125, 0.000966372
3126, 0.000615272
3127, 0
3128, 0.00040539
3129, 0.00192168
3130, 0.000836221
3131, 0
3132, 0.000183311
3133, 0.0019213
3134, 0.00105868
3135, 0
3136, 0
3137, 0.00188065
3138, 0.00192083
3139, 0.000943455
3140, 0
3141, 0.00481847
3142, 0.00150811
3143, 0.00150212
3144, 0.00166117
3145, 0.00142821
3146, 0.00173508
3147, 0
3148, 0.00172315
3149, 0.00144013
3150, 0
3151, 0.00158164
3152, 0
3153, 0.00290924
3154, 0.00183569
3155, 0
3156, 0
3157, 0.000738266
3158, 0.00191895
3159, 0.00474442
3160, 0.00208822
3161, 0.000505282
3162, 0.00107636
3163, 0.00117905
3164, 0.000402594
3165, 0
3166, 0
3167, 0
3168, 0.00128018
3169, 0.000336275
3170, 0.00154683
3171, 0
3172, 0
3173, 0
3174, 0.00013314
3175, 0.0014485
3176, 0
3177, 0
3178, 0
3179, 0
3180, 0
3181, 0.000899521
3182, 0.000682123
3183, 0.00156954
3184, 0.00191651
3185, 0.00125887
3186, 0
3187, 0.00132682
3188, 0.000414175
3189, 0.00300393
3190, 0.000748392
3191, 0.00191586
3192, 0.00191577
3193, 0.00033403
3194, 0.00141252
3195, 0
3196, 0.0023413
3197, 0.000821985
3198, 0.000256229
3199, 0.00132542